{
	"pos_long":-122.57207938763827,
	"pos_lat":37.79216893978182
}