{
	"radius":10,
	"pos_lat":37.80961029964618,
	"pos_long":-122.51247937884858,
}