{
"pos_long":-122.30594894642178,
"pos_lat":37.77454271063657,
"pos_current":0,
"orientation":10,
"routine":0,
"routine_tgt":0
}